id;nazwa miasta;nazwa województwa
1;Bolesławiec;DOLNOŚLĄSKIE
2;Nowogrodziec;DOLNOŚLĄSKIE
3;Bielawa;DOLNOŚLĄSKIE
4;Dzierżoniów;DOLNOŚLĄSKIE
5;Pieszyce;DOLNOŚLĄSKIE
6;Piława Górna;DOLNOŚLĄSKIE
7;Niemcza;DOLNOŚLĄSKIE
8;Głogów;DOLNOŚLĄSKIE
9;Góra;DOLNOŚLĄSKIE
10;Wąsosz;DOLNOŚLĄSKIE
11;Jawor;DOLNOŚLĄSKIE
12;Bolków;DOLNOŚLĄSKIE
13;Karpacz;DOLNOŚLĄSKIE
14;Kowary;DOLNOŚLĄSKIE
15;Piechowice;DOLNOŚLĄSKIE
16;Szklarska Poręba;DOLNOŚLĄSKIE
17;Kamienna Góra;DOLNOŚLĄSKIE
18;Lubawka;DOLNOŚLĄSKIE
19;Duszniki-Zdrój;DOLNOŚLĄSKIE
20;Kłodzko;DOLNOŚLĄSKIE
21;Kudowa-Zdrój;DOLNOŚLĄSKIE
22;Nowa Ruda;DOLNOŚLĄSKIE
23;Polanica-Zdrój;DOLNOŚLĄSKIE
24;Bystrzyca Kłodzka;DOLNOŚLĄSKIE
25;Lądek-Zdrój;DOLNOŚLĄSKIE
26;Międzylesie;DOLNOŚLĄSKIE
27;Radków;DOLNOŚLĄSKIE
28;Stronie Śląskie;DOLNOŚLĄSKIE
29;Szczytna;DOLNOŚLĄSKIE
30;Chojnów;DOLNOŚLĄSKIE
31;Prochowice;DOLNOŚLĄSKIE
32;Lubań;DOLNOŚLĄSKIE
33;Świeradów-Zdrój;DOLNOŚLĄSKIE
34;Leśna;DOLNOŚLĄSKIE
35;Olszyna;DOLNOŚLĄSKIE
36;Lubin;DOLNOŚLĄSKIE
37;Ścinawa;DOLNOŚLĄSKIE
38;Gryfów Śląski;DOLNOŚLĄSKIE
39;Lubomierz;DOLNOŚLĄSKIE
40;Lwówek Śląski;DOLNOŚLĄSKIE
41;Mirsk;DOLNOŚLĄSKIE
42;Wleń;DOLNOŚLĄSKIE
43;Milicz;DOLNOŚLĄSKIE
44;Oleśnica;DOLNOŚLĄSKIE
45;Bierutów;DOLNOŚLĄSKIE
46;Międzybórz;DOLNOŚLĄSKIE
47;Syców;DOLNOŚLĄSKIE
48;Twardogóra;DOLNOŚLĄSKIE
49;Oława;DOLNOŚLĄSKIE
50;Jelcz-Laskowice;DOLNOŚLĄSKIE
51;Chocianów;DOLNOŚLĄSKIE
52;Polkowice;DOLNOŚLĄSKIE
53;Przemków;DOLNOŚLĄSKIE
54;Strzelin;DOLNOŚLĄSKIE
55;Wiązów;DOLNOŚLĄSKIE
56;Środa Śląska;DOLNOŚLĄSKIE
57;Świdnica;DOLNOŚLĄSKIE
58;Świebodzice;DOLNOŚLĄSKIE
59;Jaworzyna Śląska;DOLNOŚLĄSKIE
60;Strzegom;DOLNOŚLĄSKIE
61;Żarów;DOLNOŚLĄSKIE
62;Oborniki Śląskie;DOLNOŚLĄSKIE
63;Prusice;DOLNOŚLĄSKIE
64;Trzebnica;DOLNOŚLĄSKIE
65;Żmigród;DOLNOŚLĄSKIE
66;Boguszów-Gorce;DOLNOŚLĄSKIE
67;Jedlina-Zdrój;DOLNOŚLĄSKIE
68;Szczawno-Zdrój;DOLNOŚLĄSKIE
69;Głuszyca;DOLNOŚLĄSKIE
70;Mieroszów;DOLNOŚLĄSKIE
71;Brzeg Dolny;DOLNOŚLĄSKIE
72;Wołów;DOLNOŚLĄSKIE
73;Kąty Wrocławskie;DOLNOŚLĄSKIE
74;Sobótka;DOLNOŚLĄSKIE
75;Siechnice;DOLNOŚLĄSKIE
76;Bardo;DOLNOŚLĄSKIE
77;Ząbkowice Śląskie;DOLNOŚLĄSKIE
78;Ziębice;DOLNOŚLĄSKIE
79;Złoty Stok;DOLNOŚLĄSKIE
80;Zawidów;DOLNOŚLĄSKIE
81;Zgorzelec;DOLNOŚLĄSKIE
82;Bogatynia;DOLNOŚLĄSKIE
83;Pieńsk;DOLNOŚLĄSKIE
84;Węgliniec;DOLNOŚLĄSKIE
85;Wojcieszów;DOLNOŚLĄSKIE
86;Złotoryja;DOLNOŚLĄSKIE
87;Świerzawa;DOLNOŚLĄSKIE
88;Jelenia Góra;DOLNOŚLĄSKIE
89;Legnica;DOLNOŚLĄSKIE
90;Wrocław;DOLNOŚLĄSKIE
91;Wałbrzych;DOLNOŚLĄSKIE
92;Aleksandrów Kujawski;KUJAWSKO-POMORSKIE
93;Ciechocinek;KUJAWSKO-POMORSKIE
94;Nieszawa;KUJAWSKO-POMORSKIE
95;Brodnica;KUJAWSKO-POMORSKIE
96;Górzno;KUJAWSKO-POMORSKIE
97;Jabłonowo Pomorskie;KUJAWSKO-POMORSKIE
98;Koronowo;KUJAWSKO-POMORSKIE
99;Solec Kujawski;KUJAWSKO-POMORSKIE
100;Chełmno;KUJAWSKO-POMORSKIE
101;Golub-Dobrzyń;KUJAWSKO-POMORSKIE
102;Kowalewo Pomorskie;KUJAWSKO-POMORSKIE
103;Łasin;KUJAWSKO-POMORSKIE
104;Radzyń Chełmiński;KUJAWSKO-POMORSKIE
105;Inowrocław;KUJAWSKO-POMORSKIE
106;Gniewkowo;KUJAWSKO-POMORSKIE
107;Janikowo;KUJAWSKO-POMORSKIE
108;Kruszwica;KUJAWSKO-POMORSKIE
109;Pakość;KUJAWSKO-POMORSKIE
110;Lipno;KUJAWSKO-POMORSKIE
111;Dobrzyń nad Wisłą;KUJAWSKO-POMORSKIE
112;Skępe;KUJAWSKO-POMORSKIE
113;Mogilno;KUJAWSKO-POMORSKIE
114;Strzelno;KUJAWSKO-POMORSKIE
115;Kcynia;KUJAWSKO-POMORSKIE
116;Mrocza;KUJAWSKO-POMORSKIE
117;Nakło nad Notecią;KUJAWSKO-POMORSKIE
118;Szubin;KUJAWSKO-POMORSKIE
119;Radziejów;KUJAWSKO-POMORSKIE
120;Piotrków Kujawski;KUJAWSKO-POMORSKIE
121;Rypin;KUJAWSKO-POMORSKIE
122;Kamień Krajeński;KUJAWSKO-POMORSKIE
123;Sępólno Krajeńskie;KUJAWSKO-POMORSKIE
124;Więcbork;KUJAWSKO-POMORSKIE
125;Nowe;KUJAWSKO-POMORSKIE
126;Świecie;KUJAWSKO-POMORSKIE
127;Chełmża;KUJAWSKO-POMORSKIE
128;Tuchola;KUJAWSKO-POMORSKIE
129;Wąbrzeźno;KUJAWSKO-POMORSKIE
130;Kowal;KUJAWSKO-POMORSKIE
131;Brześć Kujawski;KUJAWSKO-POMORSKIE
132;Chodecz;KUJAWSKO-POMORSKIE
133;Izbica Kujawska;KUJAWSKO-POMORSKIE
134;Lubień Kujawski;KUJAWSKO-POMORSKIE
135;Lubraniec;KUJAWSKO-POMORSKIE
136;Barcin;KUJAWSKO-POMORSKIE
137;Janowiec Wielkopolski;KUJAWSKO-POMORSKIE
138;Łabiszyn;KUJAWSKO-POMORSKIE
139;Żnin;KUJAWSKO-POMORSKIE
140;Bydgoszcz;KUJAWSKO-POMORSKIE
141;Grudziądz;KUJAWSKO-POMORSKIE
142;Toruń;KUJAWSKO-POMORSKIE
143;Włocławek;KUJAWSKO-POMORSKIE
144;Międzyrzec Podlaski;LUBELSKIE
145;Terespol;LUBELSKIE
146;Biłgoraj;LUBELSKIE
147;Frampol;LUBELSKIE
148;Józefów;LUBELSKIE
149;Tarnogród;LUBELSKIE
150;Rejowiec Fabryczny;LUBELSKIE
151;Siedliszcze;LUBELSKIE
152;Hrubieszów;LUBELSKIE
153;Janów Lubelski;LUBELSKIE
154;Modliborzyce;LUBELSKIE
155;Krasnystaw;LUBELSKIE
156;Kraśnik;LUBELSKIE
157;Annopol;LUBELSKIE
158;Urzędów;LUBELSKIE
159;Lubartów;LUBELSKIE
160;Kock;LUBELSKIE
161;Ostrów Lubelski;LUBELSKIE
162;Bełżyce;LUBELSKIE
163;Bychawa;LUBELSKIE
164;Łęczna;LUBELSKIE
165;Łuków;LUBELSKIE
166;Stoczek Łukowski;LUBELSKIE
167;Opole Lubelskie;LUBELSKIE
168;Poniatowa;LUBELSKIE
169;Parczew;LUBELSKIE
170;Puławy;LUBELSKIE
171;Kazimierz Dolny;LUBELSKIE
172;Nałęczów;LUBELSKIE
173;Radzyń Podlaski;LUBELSKIE
174;Dęblin;LUBELSKIE
175;Ryki;LUBELSKIE
176;Świdnik;LUBELSKIE
177;Piaski;LUBELSKIE
178;Tomaszów Lubelski;LUBELSKIE
179;Lubycza Królewska;LUBELSKIE
180;Łaszczów;LUBELSKIE
181;Tyszowce;LUBELSKIE
182;Włodawa;LUBELSKIE
183;Krasnobród;LUBELSKIE
184;Szczebrzeszyn;LUBELSKIE
185;Zwierzyniec;LUBELSKIE
186;Biała Podlaska;LUBELSKIE
187;Chełm;LUBELSKIE
188;Lublin;LUBELSKIE
189;Zamość;LUBELSKIE
190;Kostrzyn nad Odrą;LUBUSKIE
191;Witnica;LUBUSKIE
192;Gubin;LUBUSKIE
193;Krosno Odrzańskie;LUBUSKIE
194;Międzyrzecz;LUBUSKIE
195;Skwierzyna;LUBUSKIE
196;Trzciel;LUBUSKIE
197;Nowa Sól;LUBUSKIE
198;Bytom Odrzański;LUBUSKIE
199;Kożuchów;LUBUSKIE
200;Nowe Miasteczko;LUBUSKIE
201;Cybinka;LUBUSKIE
202;Ośno Lubuskie;LUBUSKIE
203;Rzepin;LUBUSKIE
204;Słubice;LUBUSKIE
205;Dobiegniew;LUBUSKIE
206;Drezdenko;LUBUSKIE
207;Strzelce Krajeńskie;LUBUSKIE
208;Lubniewice;LUBUSKIE
209;Sulęcin;LUBUSKIE
210;Torzym;LUBUSKIE
211;Świebodzin;LUBUSKIE
212;Zbąszynek;LUBUSKIE
213;Babimost;LUBUSKIE
214;Czerwieńsk;LUBUSKIE
215;Kargowa;LUBUSKIE
216;Nowogród Bobrzański;LUBUSKIE
217;Sulechów;LUBUSKIE
218;Gozdnica;LUBUSKIE
219;Żagań;LUBUSKIE
220;Iłowa;LUBUSKIE
221;Małomice;LUBUSKIE
222;Szprotawa;LUBUSKIE
223;Łęknica;LUBUSKIE
224;Żary;LUBUSKIE
225;Jasień;LUBUSKIE
226;Lubsko;LUBUSKIE
227;Sława;LUBUSKIE
228;Szlichtyngowa;LUBUSKIE
229;Wschowa;LUBUSKIE
230;Gorzów Wielkopolski;LUBUSKIE
231;Zielona Góra;LUBUSKIE
232;Bełchatów;ŁÓDZKIE
233;Zelów;ŁÓDZKIE
234;Kutno;ŁÓDZKIE
235;Krośniewice;ŁÓDZKIE
236;Żychlin;ŁÓDZKIE
237;Łask;ŁÓDZKIE
238;Łęczyca;ŁÓDZKIE
239;Łowicz;ŁÓDZKIE
240;Koluszki;ŁÓDZKIE
241;Rzgów;ŁÓDZKIE
242;Tuszyn;ŁÓDZKIE
243;Drzewica;ŁÓDZKIE
244;Opoczno;ŁÓDZKIE
245;Konstantynów Łódzki;ŁÓDZKIE
246;Pabianice;ŁÓDZKIE
247;Działoszyn;ŁÓDZKIE
248;Pajęczno;ŁÓDZKIE
249;Sulejów;ŁÓDZKIE
250;Wolbórz;ŁÓDZKIE
251;Poddębice;ŁÓDZKIE
252;Uniejów;ŁÓDZKIE
253;Radomsko;ŁÓDZKIE
254;Kamieńsk;ŁÓDZKIE
255;Przedbórz;ŁÓDZKIE
256;Rawa Mazowiecka;ŁÓDZKIE
257;Biała Rawska;ŁÓDZKIE
258;Sieradz;ŁÓDZKIE
259;Błaszki;ŁÓDZKIE
260;Warta;ŁÓDZKIE
261;Złoczew;ŁÓDZKIE
262;Tomaszów Mazowiecki;ŁÓDZKIE
263;Wieluń;ŁÓDZKIE
264;Wieruszów;ŁÓDZKIE
265;Zduńska Wola;ŁÓDZKIE
266;Szadek;ŁÓDZKIE
267;Głowno;ŁÓDZKIE
268;Ozorków;ŁÓDZKIE
269;Zgierz;ŁÓDZKIE
270;Aleksandrów Łódzki;ŁÓDZKIE
271;Stryków;ŁÓDZKIE
272;Brzeziny;ŁÓDZKIE
273;Łódź;ŁÓDZKIE
274;Piotrków Trybunalski;ŁÓDZKIE
275;Skierniewice;ŁÓDZKIE
276;Bochnia;MAŁOPOLSKIE
277;Nowy Wiśnicz;MAŁOPOLSKIE
278;Brzesko;MAŁOPOLSKIE
279;Czchów;MAŁOPOLSKIE
280;Alwernia;MAŁOPOLSKIE
281;Chrzanów;MAŁOPOLSKIE
282;Libiąż;MAŁOPOLSKIE
283;Trzebinia;MAŁOPOLSKIE
284;Dąbrowa Tarnowska;MAŁOPOLSKIE
285;Szczucin;MAŁOPOLSKIE
286;Gorlice;MAŁOPOLSKIE
287;Biecz;MAŁOPOLSKIE
288;Bobowa;MAŁOPOLSKIE
289;Krzeszowice;MAŁOPOLSKIE
290;Skała;MAŁOPOLSKIE
291;Skawina;MAŁOPOLSKIE
292;Słomniki;MAŁOPOLSKIE
293;Świątniki Górne;MAŁOPOLSKIE
294;Limanowa;MAŁOPOLSKIE
295;Mszana Dolna;MAŁOPOLSKIE
296;Miechów;MAŁOPOLSKIE
297;Dobczyce;MAŁOPOLSKIE
298;Myślenice;MAŁOPOLSKIE
299;Sułkowice;MAŁOPOLSKIE
300;Grybów;MAŁOPOLSKIE
301;Krynica-Zdrój;MAŁOPOLSKIE
302;Muszyna;MAŁOPOLSKIE
303;Piwniczna-Zdrój;MAŁOPOLSKIE
304;Stary Sącz;MAŁOPOLSKIE
305;Nowy Targ;MAŁOPOLSKIE
306;Szczawnica;MAŁOPOLSKIE
307;Rabka-Zdrój;MAŁOPOLSKIE
308;Bukowno;MAŁOPOLSKIE
309;Olkusz;MAŁOPOLSKIE
310;Wolbrom;MAŁOPOLSKIE
311;Oświęcim;MAŁOPOLSKIE
312;Brzeszcze;MAŁOPOLSKIE
313;Chełmek;MAŁOPOLSKIE
314;Kęty;MAŁOPOLSKIE
315;Zator;MAŁOPOLSKIE
316;Nowe Brzesko;MAŁOPOLSKIE
317;Proszowice;MAŁOPOLSKIE
318;Jordanów;MAŁOPOLSKIE
319;Sucha Beskidzka;MAŁOPOLSKIE
320;Maków Podhalański;MAŁOPOLSKIE
321;Ciężkowice;MAŁOPOLSKIE
322;Radłów;MAŁOPOLSKIE
323;Ryglice;MAŁOPOLSKIE
324;Tuchów;MAŁOPOLSKIE
325;Wojnicz;MAŁOPOLSKIE
326;Zakliczyn;MAŁOPOLSKIE
327;Żabno;MAŁOPOLSKIE
328;Zakopane;MAŁOPOLSKIE
329;Andrychów;MAŁOPOLSKIE
330;Kalwaria Zebrzydowska;MAŁOPOLSKIE
331;Wadowice;MAŁOPOLSKIE
332;Niepołomice;MAŁOPOLSKIE
333;Wieliczka;MAŁOPOLSKIE
334;Kraków;MAŁOPOLSKIE
335;Nowy Sącz;MAŁOPOLSKIE
336;Tarnów;MAŁOPOLSKIE
337;Białobrzegi;MAZOWIECKIE
338;Wyśmierzyce;MAZOWIECKIE
339;Ciechanów;MAZOWIECKIE
340;Glinojeck;MAZOWIECKIE
341;Garwolin;MAZOWIECKIE
342;Łaskarzew;MAZOWIECKIE
343;Pilawa;MAZOWIECKIE
344;Żelechów;MAZOWIECKIE
345;Gostynin;MAZOWIECKIE
346;Milanówek;MAZOWIECKIE
347;Podkowa Leśna;MAZOWIECKIE
348;Grodzisk Mazowiecki;MAZOWIECKIE
349;Grójec;MAZOWIECKIE
350;Mogielnica;MAZOWIECKIE
351;Nowe Miasto nad Pilicą;MAZOWIECKIE
352;Warka;MAZOWIECKIE
353;Kozienice;MAZOWIECKIE
354;Legionowo;MAZOWIECKIE
355;Serock;MAZOWIECKIE
356;Lipsko;MAZOWIECKIE
357;Łosice;MAZOWIECKIE
358;Maków Mazowiecki;MAZOWIECKIE
359;Różan;MAZOWIECKIE
360;Mińsk Mazowiecki;MAZOWIECKIE
361;Halinów;MAZOWIECKIE
362;Kałuszyn;MAZOWIECKIE
363;Mrozy;MAZOWIECKIE
364;Sulejówek;MAZOWIECKIE
365;Mława;MAZOWIECKIE
366;Nowy Dwór Mazowiecki;MAZOWIECKIE
367;Nasielsk;MAZOWIECKIE
368;Zakroczym;MAZOWIECKIE
369;Myszyniec;MAZOWIECKIE
370;Ostrów Mazowiecka;MAZOWIECKIE
371;Brok;MAZOWIECKIE
372;Józefów;MAZOWIECKIE
373;Otwock;MAZOWIECKIE
374;Karczew;MAZOWIECKIE
375;Góra Kalwaria;MAZOWIECKIE
376;Konstancin-Jeziorna;MAZOWIECKIE
377;Piaseczno;MAZOWIECKIE
378;Tarczyn;MAZOWIECKIE
379;Drobin;MAZOWIECKIE
380;Gąbin;MAZOWIECKIE
381;Wyszogród;MAZOWIECKIE
382;Płońsk;MAZOWIECKIE
383;Raciąż;MAZOWIECKIE
384;Piastów;MAZOWIECKIE
385;Pruszków;MAZOWIECKIE
386;Brwinów;MAZOWIECKIE
387;Przasnysz;MAZOWIECKIE
388;Chorzele;MAZOWIECKIE
389;Przysucha;MAZOWIECKIE
390;Pułtusk;MAZOWIECKIE
391;Pionki;MAZOWIECKIE
392;Iłża;MAZOWIECKIE
393;Skaryszew;MAZOWIECKIE
394;Mordy;MAZOWIECKIE
395;Sierpc;MAZOWIECKIE
396;Sochaczew;MAZOWIECKIE
397;Sokołów Podlaski;MAZOWIECKIE
398;Kosów Lacki;MAZOWIECKIE
399;Szydłowiec;MAZOWIECKIE
400;Błonie;MAZOWIECKIE
401;Łomianki;MAZOWIECKIE
402;Ożarów Mazowiecki;MAZOWIECKIE
403;Węgrów;MAZOWIECKIE
404;Łochów;MAZOWIECKIE
405;Kobyłka;MAZOWIECKIE
406;Marki;MAZOWIECKIE
407;Ząbki;MAZOWIECKIE
408;Zielonka;MAZOWIECKIE
409;Radzymin;MAZOWIECKIE
410;Tłuszcz;MAZOWIECKIE
411;Wołomin;MAZOWIECKIE
412;Wyszków;MAZOWIECKIE
413;Zwoleń;MAZOWIECKIE
414;Bieżuń;MAZOWIECKIE
415;Żuromin;MAZOWIECKIE
416;Żyrardów;MAZOWIECKIE
417;Mszczonów;MAZOWIECKIE
418;Ostrołęka;MAZOWIECKIE
419;Płock;MAZOWIECKIE
420;Radom;MAZOWIECKIE
421;Siedlce;MAZOWIECKIE
422;Brzeg;OPOLSKIE
423;Grodków;OPOLSKIE
424;Lewin Brzeski;OPOLSKIE
425;Baborów;OPOLSKIE
426;Głubczyce;OPOLSKIE
427;Kietrz;OPOLSKIE
428;Kędzierzyn-Koźle;OPOLSKIE
429;Byczyna;OPOLSKIE
430;Kluczbork;OPOLSKIE
431;Wołczyn;OPOLSKIE
432;Gogolin;OPOLSKIE
433;Krapkowice;OPOLSKIE
434;Zdzieszowice;OPOLSKIE
435;Namysłów;OPOLSKIE
436;Głuchołazy;OPOLSKIE
437;Korfantów;OPOLSKIE
438;Nysa;OPOLSKIE
439;Otmuchów;OPOLSKIE
440;Paczków;OPOLSKIE
441;Dobrodzień;OPOLSKIE
442;Gorzów Śląski;OPOLSKIE
443;Olesno;OPOLSKIE
444;Praszka;OPOLSKIE
445;Niemodlin;OPOLSKIE
446;Ozimek;OPOLSKIE
447;Prószków;OPOLSKIE
448;Biała;OPOLSKIE
449;Głogówek;OPOLSKIE
450;Prudnik;OPOLSKIE
451;Kolonowskie;OPOLSKIE
452;Leśnica;OPOLSKIE
453;Strzelce Opolskie;OPOLSKIE
454;Ujazd;OPOLSKIE
455;Zawadzkie;OPOLSKIE
456;Opole;OPOLSKIE
457;Ustrzyki Dolne;PODKARPACKIE
458;Brzozów;PODKARPACKIE
459;Dębica;PODKARPACKIE
460;Brzostek;PODKARPACKIE
461;Pilzno;PODKARPACKIE
462;Jarosław;PODKARPACKIE
463;Radymno;PODKARPACKIE
464;Pruchnik;PODKARPACKIE
465;Jasło;PODKARPACKIE
466;Kołaczyce;PODKARPACKIE
467;Kolbuszowa;PODKARPACKIE
468;Dukla;PODKARPACKIE
469;Iwonicz-Zdrój;PODKARPACKIE
470;Jedlicze;PODKARPACKIE
471;Rymanów;PODKARPACKIE
472;Leżajsk;PODKARPACKIE
473;Nowa Sarzyna;PODKARPACKIE
474;Lubaczów;PODKARPACKIE
475;Cieszanów;PODKARPACKIE
476;Narol;PODKARPACKIE
477;Oleszyce;PODKARPACKIE
478;Łańcut;PODKARPACKIE
479;Mielec;PODKARPACKIE
480;Przecław;PODKARPACKIE
481;Radomyśl Wielki;PODKARPACKIE
482;Nisko;PODKARPACKIE
483;Rudnik nad Sanem;PODKARPACKIE
484;Ulanów;PODKARPACKIE
485;Przeworsk;PODKARPACKIE
486;Kańczuga;PODKARPACKIE
487;Sieniawa;PODKARPACKIE
488;Ropczyce;PODKARPACKIE
489;Sędziszów Małopolski;PODKARPACKIE
490;Dynów;PODKARPACKIE
491;Błażowa;PODKARPACKIE
492;Boguchwała;PODKARPACKIE
493;Głogów Małopolski;PODKARPACKIE
494;Sokołów Małopolski;PODKARPACKIE
495;Tyczyn;PODKARPACKIE
496;Sanok;PODKARPACKIE
497;Zagórz;PODKARPACKIE
498;Stalowa Wola;PODKARPACKIE
499;Zaklików;PODKARPACKIE
500;Strzyżów;PODKARPACKIE
501;Baranów Sandomierski;PODKARPACKIE
502;Nowa Dęba;PODKARPACKIE
503;Lesko;PODKARPACKIE
504;Krosno;PODKARPACKIE
505;Przemyśl;PODKARPACKIE
506;Rzeszów;PODKARPACKIE
507;Tarnobrzeg;PODKARPACKIE
508;Augustów;PODLASKIE
509;Lipsk;PODLASKIE
510;Choroszcz;PODLASKIE
511;Czarna Białostocka;PODLASKIE
512;Łapy;PODLASKIE
513;Michałowo;PODLASKIE
514;Supraśl;PODLASKIE
515;Suraż;PODLASKIE
516;Tykocin;PODLASKIE
517;Wasilków;PODLASKIE
518;Zabłudów;PODLASKIE
519;Bielsk Podlaski;PODLASKIE
520;Brańsk;PODLASKIE
521;Grajewo;PODLASKIE
522;Rajgród;PODLASKIE
523;Szczuczyn;PODLASKIE
524;Hajnówka;PODLASKIE
525;Kleszczele;PODLASKIE
526;Kolno;PODLASKIE
527;Stawiski;PODLASKIE
528;Jedwabne;PODLASKIE
529;Nowogród;PODLASKIE
530;Goniądz;PODLASKIE
531;Knyszyn;PODLASKIE
532;Mońki;PODLASKIE
533;Sejny;PODLASKIE
534;Siemiatycze;PODLASKIE
535;Drohiczyn;PODLASKIE
536;Dąbrowa Białostocka;PODLASKIE
537;Krynki;PODLASKIE
538;Sokółka;PODLASKIE
539;Suchowola;PODLASKIE
540;Wysokie Mazowieckie;PODLASKIE
541;Ciechanowiec;PODLASKIE
542;Czyżew;PODLASKIE
543;Szepietowo;PODLASKIE
544;Zambrów;PODLASKIE
545;Białystok;PODLASKIE
546;Łomża;PODLASKIE
547;Suwałki;PODLASKIE
548;Bytów;POMORSKIE
549;Miastko;POMORSKIE
550;Chojnice;POMORSKIE
551;Brusy;POMORSKIE
552;Czersk;POMORSKIE
553;Człuchów;POMORSKIE
554;Czarne;POMORSKIE
555;Debrzno;POMORSKIE
556;Pruszcz Gdański;POMORSKIE
557;Kartuzy;POMORSKIE
558;Żukowo;POMORSKIE
559;Kościerzyna;POMORSKIE
560;Kwidzyn;POMORSKIE
561;Prabuty;POMORSKIE
562;Lębork;POMORSKIE
563;Łeba;POMORSKIE
564;Malbork;POMORSKIE
565;Nowy Staw;POMORSKIE
566;Krynica Morska;POMORSKIE
567;Nowy Dwór Gdański;POMORSKIE
568;Hel;POMORSKIE
569;Jastarnia;POMORSKIE
570;Puck;POMORSKIE
571;Władysławowo;POMORSKIE
572;Ustka;POMORSKIE
573;Kępice;POMORSKIE
574;Czarna Woda;POMORSKIE
575;Skórcz;POMORSKIE
576;Starogard Gdański;POMORSKIE
577;Skarszewy;POMORSKIE
578;Tczew;POMORSKIE
579;Gniew;POMORSKIE
580;Pelplin;POMORSKIE
581;Reda;POMORSKIE
582;Rumia;POMORSKIE
583;Wejherowo;POMORSKIE
584;Dzierzgoń;POMORSKIE
585;Sztum;POMORSKIE
586;Gdańsk;POMORSKIE
587;Gdynia;POMORSKIE
588;Słupsk;POMORSKIE
589;Sopot;POMORSKIE
590;Będzin;ŚLĄSKIE
591;Czeladź;ŚLĄSKIE
592;Wojkowice;ŚLĄSKIE
593;Siewierz;ŚLĄSKIE
594;Sławków;ŚLĄSKIE
595;Szczyrk;ŚLĄSKIE
596;Czechowice-Dziedzice;ŚLĄSKIE
597;Wilamowice;ŚLĄSKIE
598;Cieszyn;ŚLĄSKIE
599;Ustroń;ŚLĄSKIE
600;Wisła;ŚLĄSKIE
601;Skoczów;ŚLĄSKIE
602;Strumień;ŚLĄSKIE
603;Blachownia;ŚLĄSKIE
604;Koniecpol;ŚLĄSKIE
605;Knurów;ŚLĄSKIE
606;Pyskowice;ŚLĄSKIE
607;Sośnicowice;ŚLĄSKIE
608;Toszek;ŚLĄSKIE
609;Kłobuck;ŚLĄSKIE
610;Krzepice;ŚLĄSKIE
611;Lubliniec;ŚLĄSKIE
612;Woźniki;ŚLĄSKIE
613;Łaziska Górne;ŚLĄSKIE
614;Mikołów;ŚLĄSKIE
615;Orzesze;ŚLĄSKIE
616;Myszków;ŚLĄSKIE
617;Koziegłowy;ŚLĄSKIE
618;Żarki;ŚLĄSKIE
619;Pszczyna;ŚLĄSKIE
620;Racibórz;ŚLĄSKIE
621;Krzanowice;ŚLĄSKIE
622;Kuźnia Raciborska;ŚLĄSKIE
623;Czerwionka-Leszczyny;ŚLĄSKIE
624;Kalety;ŚLĄSKIE
625;Miasteczko Śląskie;ŚLĄSKIE
626;Radzionków;ŚLĄSKIE
627;Tarnowskie Góry;ŚLĄSKIE
628;Bieruń;ŚLĄSKIE
629;Imielin;ŚLĄSKIE
630;Lędziny;ŚLĄSKIE
631;Pszów;ŚLĄSKIE
632;Radlin;ŚLĄSKIE
633;Rydułtowy;ŚLĄSKIE
634;Wodzisław Śląski;ŚLĄSKIE
635;Poręba;ŚLĄSKIE
636;Zawiercie;ŚLĄSKIE
637;Łazy;ŚLĄSKIE
638;Ogrodzieniec;ŚLĄSKIE
639;Pilica;ŚLĄSKIE
640;Szczekociny;ŚLĄSKIE
641;Żywiec;ŚLĄSKIE
642;Bielsko-Biała;ŚLĄSKIE
643;Bytom;ŚLĄSKIE
644;Chorzów;ŚLĄSKIE
645;Częstochowa;ŚLĄSKIE
646;Dąbrowa Górnicza;ŚLĄSKIE
647;Gliwice;ŚLĄSKIE
648;Jastrzębie-Zdrój;ŚLĄSKIE
649;Jaworzno;ŚLĄSKIE
650;Katowice;ŚLĄSKIE
651;Mysłowice;ŚLĄSKIE
652;Piekary Śląskie;ŚLĄSKIE
653;Ruda Śląska;ŚLĄSKIE
654;Rybnik;ŚLĄSKIE
655;Siemianowice Śląskie;ŚLĄSKIE
656;Sosnowiec;ŚLĄSKIE
657;Świętochłowice;ŚLĄSKIE
658;Tychy;ŚLĄSKIE
659;Zabrze;ŚLĄSKIE
660;Żory;ŚLĄSKIE
661;Busko-Zdrój;ŚWIĘTOKRZYSKIE
662;Stopnica;ŚWIĘTOKRZYSKIE
663;Jędrzejów;ŚWIĘTOKRZYSKIE
664;Małogoszcz;ŚWIĘTOKRZYSKIE
665;Sędziszów;ŚWIĘTOKRZYSKIE
666;Kazimierza Wielka;ŚWIĘTOKRZYSKIE
667;Skalbmierz;ŚWIĘTOKRZYSKIE
668;Bodzentyn;ŚWIĘTOKRZYSKIE
669;Chęciny;ŚWIĘTOKRZYSKIE
670;Chmielnik;ŚWIĘTOKRZYSKIE
671;Daleszyce;ŚWIĘTOKRZYSKIE
672;Końskie;ŚWIĘTOKRZYSKIE
673;Stąporków;ŚWIĘTOKRZYSKIE
674;Opatów;ŚWIĘTOKRZYSKIE
675;Ożarów;ŚWIĘTOKRZYSKIE
676;Ostrowiec Świętokrzyski;ŚWIĘTOKRZYSKIE
677;Ćmielów;ŚWIĘTOKRZYSKIE
678;Kunów;ŚWIĘTOKRZYSKIE
679;Działoszyce;ŚWIĘTOKRZYSKIE
680;Pińczów;ŚWIĘTOKRZYSKIE
681;Sandomierz;ŚWIĘTOKRZYSKIE
682;Koprzywnica;ŚWIĘTOKRZYSKIE
683;Zawichost;ŚWIĘTOKRZYSKIE
684;Skarżysko-Kamienna;ŚWIĘTOKRZYSKIE
685;Suchedniów;ŚWIĘTOKRZYSKIE
686;Starachowice;ŚWIĘTOKRZYSKIE
687;Wąchock;ŚWIĘTOKRZYSKIE
688;Osiek;ŚWIĘTOKRZYSKIE
689;Połaniec;ŚWIĘTOKRZYSKIE
690;Staszów;ŚWIĘTOKRZYSKIE
691;Włoszczowa;ŚWIĘTOKRZYSKIE
692;Kielce;ŚWIĘTOKRZYSKIE
693;Bartoszyce;WARMIŃSKO-MAZURSKIE
694;Górowo Iławeckie;WARMIŃSKO-MAZURSKIE
695;Bisztynek;WARMIŃSKO-MAZURSKIE
696;Sępopol;WARMIŃSKO-MAZURSKIE
697;Braniewo;WARMIŃSKO-MAZURSKIE
698;Frombork;WARMIŃSKO-MAZURSKIE
699;Pieniężno;WARMIŃSKO-MAZURSKIE
700;Działdowo;WARMIŃSKO-MAZURSKIE
701;Lidzbark;WARMIŃSKO-MAZURSKIE
702;Młynary;WARMIŃSKO-MAZURSKIE
703;Pasłęk;WARMIŃSKO-MAZURSKIE
704;Tolkmicko;WARMIŃSKO-MAZURSKIE
705;Ełk;WARMIŃSKO-MAZURSKIE
706;Giżycko;WARMIŃSKO-MAZURSKIE
707;Ryn;WARMIŃSKO-MAZURSKIE
708;Iława;WARMIŃSKO-MAZURSKIE
709;Lubawa;WARMIŃSKO-MAZURSKIE
710;Kisielice;WARMIŃSKO-MAZURSKIE
711;Susz;WARMIŃSKO-MAZURSKIE
712;Zalewo;WARMIŃSKO-MAZURSKIE
713;Kętrzyn;WARMIŃSKO-MAZURSKIE
714;Korsze;WARMIŃSKO-MAZURSKIE
715;Reszel;WARMIŃSKO-MAZURSKIE
716;Lidzbark Warmiński;WARMIŃSKO-MAZURSKIE
717;Orneta;WARMIŃSKO-MAZURSKIE
718;Mrągowo;WARMIŃSKO-MAZURSKIE
719;Mikołajki;WARMIŃSKO-MAZURSKIE
720;Nidzica;WARMIŃSKO-MAZURSKIE
721;Nowe Miasto Lubawskie;WARMIŃSKO-MAZURSKIE
722;Olecko;WARMIŃSKO-MAZURSKIE
723;Barczewo;WARMIŃSKO-MAZURSKIE
724;Biskupiec;WARMIŃSKO-MAZURSKIE
725;Dobre Miasto;WARMIŃSKO-MAZURSKIE
726;Jeziorany;WARMIŃSKO-MAZURSKIE
727;Olsztynek;WARMIŃSKO-MAZURSKIE
728;Ostróda;WARMIŃSKO-MAZURSKIE
729;Miłakowo;WARMIŃSKO-MAZURSKIE
730;Miłomłyn;WARMIŃSKO-MAZURSKIE
731;Morąg;WARMIŃSKO-MAZURSKIE
732;Biała Piska;WARMIŃSKO-MAZURSKIE
733;Orzysz;WARMIŃSKO-MAZURSKIE
734;Pisz;WARMIŃSKO-MAZURSKIE
735;Ruciane-Nida;WARMIŃSKO-MAZURSKIE
736;Szczytno;WARMIŃSKO-MAZURSKIE
737;Pasym;WARMIŃSKO-MAZURSKIE
738;Gołdap;WARMIŃSKO-MAZURSKIE
739;Węgorzewo;WARMIŃSKO-MAZURSKIE
740;Elbląg;WARMIŃSKO-MAZURSKIE
741;Olsztyn;WARMIŃSKO-MAZURSKIE
742;Chodzież;WIELKOPOLSKIE
743;Margonin;WIELKOPOLSKIE
744;Szamocin;WIELKOPOLSKIE
745;Czarnków;WIELKOPOLSKIE
746;Krzyż Wielkopolski;WIELKOPOLSKIE
747;Trzcianka;WIELKOPOLSKIE
748;Wieleń;WIELKOPOLSKIE
749;Gniezno;WIELKOPOLSKIE
750;Czerniejewo;WIELKOPOLSKIE
751;Kłecko;WIELKOPOLSKIE
752;Trzemeszno;WIELKOPOLSKIE
753;Witkowo;WIELKOPOLSKIE
754;Borek Wielkopolski;WIELKOPOLSKIE
755;Gostyń;WIELKOPOLSKIE
756;Krobia;WIELKOPOLSKIE
757;Pogorzela;WIELKOPOLSKIE
758;Poniec;WIELKOPOLSKIE
759;Grodzisk Wielkopolski;WIELKOPOLSKIE
760;Rakoniewice;WIELKOPOLSKIE
761;Wielichowo;WIELKOPOLSKIE
762;Jaraczewo;WIELKOPOLSKIE
763;Jarocin;WIELKOPOLSKIE
764;Żerków;WIELKOPOLSKIE
765;Stawiszyn;WIELKOPOLSKIE
766;Kępno;WIELKOPOLSKIE
767;Koło;WIELKOPOLSKIE
768;Dąbie;WIELKOPOLSKIE
769;Kłodawa;WIELKOPOLSKIE
770;Przedecz;WIELKOPOLSKIE
771;Golina;WIELKOPOLSKIE
772;Kleczew;WIELKOPOLSKIE
773;Rychwał;WIELKOPOLSKIE
774;Sompolno;WIELKOPOLSKIE
775;Ślesin;WIELKOPOLSKIE
776;Kościan;WIELKOPOLSKIE
777;Czempiń;WIELKOPOLSKIE
778;Krzywiń;WIELKOPOLSKIE
779;Śmigiel;WIELKOPOLSKIE
780;Sulmierzyce;WIELKOPOLSKIE
781;Kobylin;WIELKOPOLSKIE
782;Koźmin Wielkopolski;WIELKOPOLSKIE
783;Krotoszyn;WIELKOPOLSKIE
784;Zduny;WIELKOPOLSKIE
785;Osieczna;WIELKOPOLSKIE
786;Rydzyna;WIELKOPOLSKIE
787;Międzychód;WIELKOPOLSKIE
788;Sieraków;WIELKOPOLSKIE
789;Lwówek;WIELKOPOLSKIE
790;Nowy Tomyśl;WIELKOPOLSKIE
791;Opalenica;WIELKOPOLSKIE
792;Zbąszyń;WIELKOPOLSKIE
793;Oborniki;WIELKOPOLSKIE
794;Rogoźno;WIELKOPOLSKIE
795;Ostrów Wielkopolski;WIELKOPOLSKIE
796;Nowe Skalmierzyce;WIELKOPOLSKIE
797;Odolanów;WIELKOPOLSKIE
798;Raszków;WIELKOPOLSKIE
799;Grabów nad Prosną;WIELKOPOLSKIE
800;Mikstat;WIELKOPOLSKIE
801;Ostrzeszów;WIELKOPOLSKIE
802;Piła;WIELKOPOLSKIE
803;Łobżenica;WIELKOPOLSKIE
804;Ujście;WIELKOPOLSKIE
805;Wyrzysk;WIELKOPOLSKIE
806;Wysoka;WIELKOPOLSKIE
807;Chocz;WIELKOPOLSKIE
808;Dobrzyca;WIELKOPOLSKIE
809;Pleszew;WIELKOPOLSKIE
810;Luboń;WIELKOPOLSKIE
811;Puszczykowo;WIELKOPOLSKIE
812;Buk;WIELKOPOLSKIE
813;Kostrzyn;WIELKOPOLSKIE
814;Kórnik;WIELKOPOLSKIE
815;Mosina;WIELKOPOLSKIE
816;Murowana Goślina;WIELKOPOLSKIE
817;Pobiedziska;WIELKOPOLSKIE
818;Stęszew;WIELKOPOLSKIE
819;Swarzędz;WIELKOPOLSKIE
820;Bojanowo;WIELKOPOLSKIE
821;Jutrosin;WIELKOPOLSKIE
822;Miejska Górka;WIELKOPOLSKIE
823;Rawicz;WIELKOPOLSKIE
824;Słupca;WIELKOPOLSKIE
825;Zagórów;WIELKOPOLSKIE
826;Obrzycko;WIELKOPOLSKIE
827;Ostroróg;WIELKOPOLSKIE
828;Pniewy;WIELKOPOLSKIE
829;Szamotuły;WIELKOPOLSKIE
830;Wronki;WIELKOPOLSKIE
831;Środa Wielkopolska;WIELKOPOLSKIE
832;Dolsk;WIELKOPOLSKIE
833;Książ Wielkopolski;WIELKOPOLSKIE
834;Śrem;WIELKOPOLSKIE
835;Turek;WIELKOPOLSKIE
836;Dobra;WIELKOPOLSKIE
837;Tuliszków;WIELKOPOLSKIE
838;Wągrowiec;WIELKOPOLSKIE
839;Gołańcz;WIELKOPOLSKIE
840;Skoki;WIELKOPOLSKIE
841;Wolsztyn;WIELKOPOLSKIE
842;Miłosław;WIELKOPOLSKIE
843;Nekla;WIELKOPOLSKIE
844;Pyzdry;WIELKOPOLSKIE
845;Września;WIELKOPOLSKIE
846;Złotów;WIELKOPOLSKIE
847;Jastrowie;WIELKOPOLSKIE
848;Krajenka;WIELKOPOLSKIE
849;Okonek;WIELKOPOLSKIE
850;Kalisz;WIELKOPOLSKIE
851;Konin;WIELKOPOLSKIE
852;Leszno;WIELKOPOLSKIE
853;Poznań;WIELKOPOLSKIE
854;Białogard;ZACHODNIOPOMORSKIE
855;Karlino;ZACHODNIOPOMORSKIE
856;Tychowo;ZACHODNIOPOMORSKIE
857;Choszczno;ZACHODNIOPOMORSKIE
858;Drawno;ZACHODNIOPOMORSKIE
859;Pełczyce;ZACHODNIOPOMORSKIE
860;Recz;ZACHODNIOPOMORSKIE
861;Czaplinek;ZACHODNIOPOMORSKIE
862;Drawsko Pomorskie;ZACHODNIOPOMORSKIE
863;Kalisz Pomorski;ZACHODNIOPOMORSKIE
864;Złocieniec;ZACHODNIOPOMORSKIE
865;Goleniów;ZACHODNIOPOMORSKIE
866;Maszewo;ZACHODNIOPOMORSKIE
867;Nowogard;ZACHODNIOPOMORSKIE
868;Stepnica;ZACHODNIOPOMORSKIE
869;Gryfice;ZACHODNIOPOMORSKIE
870;Płoty;ZACHODNIOPOMORSKIE
871;Trzebiatów;ZACHODNIOPOMORSKIE
872;Cedynia;ZACHODNIOPOMORSKIE
873;Chojna;ZACHODNIOPOMORSKIE
874;Gryfino;ZACHODNIOPOMORSKIE
875;Mieszkowice;ZACHODNIOPOMORSKIE
876;Moryń;ZACHODNIOPOMORSKIE
877;Trzcińsko-Zdrój;ZACHODNIOPOMORSKIE
878;Dziwnów;ZACHODNIOPOMORSKIE
879;Golczewo;ZACHODNIOPOMORSKIE
880;Kamień Pomorski;ZACHODNIOPOMORSKIE
881;Międzyzdroje;ZACHODNIOPOMORSKIE
882;Wolin;ZACHODNIOPOMORSKIE
883;Kołobrzeg;ZACHODNIOPOMORSKIE
884;Gościno;ZACHODNIOPOMORSKIE
885;Bobolice;ZACHODNIOPOMORSKIE
886;Polanów;ZACHODNIOPOMORSKIE
887;Sianów;ZACHODNIOPOMORSKIE
888;Barlinek;ZACHODNIOPOMORSKIE
889;Dębno;ZACHODNIOPOMORSKIE
890;Myślibórz;ZACHODNIOPOMORSKIE
891;Nowe Warpno;ZACHODNIOPOMORSKIE
892;Police;ZACHODNIOPOMORSKIE
893;Lipiany;ZACHODNIOPOMORSKIE
894;Pyrzyce;ZACHODNIOPOMORSKIE
895;Darłowo;ZACHODNIOPOMORSKIE
896;Sławno;ZACHODNIOPOMORSKIE
897;Stargard;ZACHODNIOPOMORSKIE
898;Chociwel;ZACHODNIOPOMORSKIE
899;Dobrzany;ZACHODNIOPOMORSKIE
900;Ińsko;ZACHODNIOPOMORSKIE
901;Suchań;ZACHODNIOPOMORSKIE
902;Szczecinek;ZACHODNIOPOMORSKIE
903;Barwice;ZACHODNIOPOMORSKIE
904;Biały Bór;ZACHODNIOPOMORSKIE
905;Borne Sulinowo;ZACHODNIOPOMORSKIE
906;Świdwin;ZACHODNIOPOMORSKIE
907;Połczyn-Zdrój;ZACHODNIOPOMORSKIE
908;Wałcz;ZACHODNIOPOMORSKIE
909;Człopa;ZACHODNIOPOMORSKIE
910;Mirosławiec;ZACHODNIOPOMORSKIE
911;Tuczno;ZACHODNIOPOMORSKIE
912;Dobra;ZACHODNIOPOMORSKIE
913;Łobez;ZACHODNIOPOMORSKIE
914;Resko;ZACHODNIOPOMORSKIE
915;Węgorzyno;ZACHODNIOPOMORSKIE
916;Koszalin;ZACHODNIOPOMORSKIE
917;Szczecin;ZACHODNIOPOMORSKIE
918;Świnoujście;ZACHODNIOPOMORSKIE
